episode,episode_length,episode_reward,frame,step,total_time
0.0,1000.0,37.322779227659254,0,0.0,0.003705739974975586
10.0,1000.0,13.970505753016262,10000,10000.0,359.4483962059021
