episode,episode_length,episode_reward,frame,step,total_time
0.0,1000.0,16.075617834097162,0,0.0,517.237001657486
10.0,1000.0,22.54991998293399,10000,10000.0,7301.476363897324
20.0,1000.0,23.060833118529917,20000,20000.0,17930.817718029022
30.0,1000.0,9.791845186910285,30000,30000.0,28556.219873905182
40.0,1000.0,23.204824529068773,40000,40000.0,39185.2508559227
50.0,1000.0,22.43638385184941,50000,50000.0,49808.65514922142
