episode,episode_length,episode_reward,frame,step,total_time
0.0,1000.0,19.649539818564556,0,0.0,5.647589445114136
10.0,1000.0,27.840324965671275,10000,10000.0,802.5357389450073
20.0,1000.0,76.60187308896758,20000,20000.0,1992.5692229270935
30.0,1000.0,57.14951539686146,30000,30000.0,3187.1291568279266
40.0,1000.0,25.29561591435031,40000,40000.0,4367.941646575928
50.0,1000.0,7.659647175652563,50000,50000.0,5531.295307397842
60.0,1000.0,5.0382792218644195,60000,60000.0,6688.10321688652
70.0,1000.0,107.12201143622353,70000,70000.0,7844.247065782547
80.0,1000.0,114.1366303297525,80000,80000.0,8997.014569044113
